counts,word,char_count
12,obscure,7.0
11,ephemeral,9.0
11,capricious,10.0
10,subtle,6.0
9,diminish,8.0
9,inconsequential,15.0
9,circumvent,10.0
9,elusive,7.0
9,implausible,11.0
9,mundane,7.0
9,augment,7.0
8,trivial,7.0
8,anticipate,10.0
8,opaque,6.0
8,pedestrian,10.0
8,mitigate,8.0
8,preclude,8.0
8,heterogeneous,13.0
8,superficial,11.0
8,innocuous,9.0
8,endorse,7.0
8,apathetic,9.0
7,esoteric,8.0
7,vacillation,11.0
7,exacerbate,10.0
7,belie,5.0
7,egalitarian,11.0
7,indifferent,11.0
7,jettison,8.0
6,rudimentary,11.0
6,arcane,6.0
6,robust,6.0
6,obviate,7.0
6,forgo,5.0
6,ubiquitous,10.0
6,bolster,7.0
6,precarious,10.0
6,forestall,9.0
6,meticulous,10.0
6,circumspect,11.0
6,archaic,7.0
6,sanguine,8.0
6,mask,4.0
6,indifference,12.0
6,impartiality,12.0
6,superfluous,11.0
6,intransigent,12.0
6,proliferate,11.0
6,derision,8.0
6,plausible,9.0
6,onerous,7.0
5,taciturn,8.0
5,conjectural,11.0
5,downplay,8.0
5,conciliatory,12.0
5,pretentious,11.0
5,rampant,7.0
5,pragmatic,9.0
5,tenacity,8.0
5,judicious,9.0
5,provocative,11.0
5,panacea,7.0
5,eliminate,9.0
5,altruistic,10.0
5,supersede,9.0
5,chaotic,7.0
5,empirical,9.0
5,sagacious,9.0
5,garrulous,9.0
5,anachronistic,13.0
5,clandestine,11.0
5,sacrosanct,10.0
5,quixotic,8.0
5,debunk,6.0
5,unprecedented,13.0
5,meager,6.0
5,predilection,12.0
5,comprehensive,13.0
5,tenuous,7.0
5,lucrative,9.0
5,immutable,9.0
5,unfathomable,12.0
5,disregard,9.0
5,supplant,8.0
5,derivative,10.0
4,anomalous,9.0
4,mercenary,9.0
4,unfounded,9.0
4,subordinate,11.0
4,hamper,6.0
4,stifle,6.0
4,baffle,6.0
4,unimpeachable,13.0
4,inveterate,10.0
4,disparity,9.0
4,conspicuous,11.0
4,formidable,10.0
4,presage,7.0
4,malleable,9.0
4,facilitate,10.0
4,galvanize,9.0
4,detriment,9.0
4,dogmatic,8.0
4,disavow,7.0
4,undermine,9.0
4,nebulous,8.0
4,gainsay,7.0
4,didactic,8.0
4,vapid,5.0
4,intricate,9.0
4,redundant,9.0
4,diffidence,10.0
4,ameliorate,10.0
4,discount,8.0
4,paucity,7.0
4,novel,5.0
4,conjecture,10.0
4,disparate,9.0
4,arbitrary,9.0
4,flout,5.0
4,tantamount,10.0
4,tractable,9.0
4,enigmatic,9.0
4,prescient,9.0
4,intangible,10.0
4,perfunctory,11.0
4,specious,8.0
4,emulate,7.0
4,daunting,8.0
4,voracious,9.0
4,vindication,11.0
4,irrelevant,10.0
4,precede,7.0
4,stagnate,8.0
4,dearth,6.0
4,salutary,8.0
4,apathy,6.0
4,erudite,7.0
4,laconic,7.0
4,cliché,6.0
4,prototype,9.0
4,decry,5.0
4,outrage,7.0
4,scrutiny,8.0
4,hostility,9.0
4,exacting,8.0
4,deleterious,11.0
4,exhaustive,10.0
4,perpetuate,10.0
4,straightforward,15.0
4,entail,6.0
4,restorative,11.0
4,extraneous,10.0
4,ambivalent,10.0
4,benign,6.0
4,elucidate,9.0
4,paradox,7.0
4,rote,4.0
4,jejune,6.0
4,surfeit,7.0
4,censure,7.0
4,ambiguous,9.0
4,diffident,9.0
4,hazardous,9.0
3,forbearance,11.0
3,proclivity,10.0
3,rationalize,11.0
3,abnegation,10.0
3,prominent,9.0
3,compliment,10.0
3,plethora,8.0
3,naïve,5.0
3,insular,7.0
3,intractability,14.0
3,taxing,6.0
3,accentuate,10.0
3,placebo,7.0
3,evanescent,10.0
3,dampen,6.0
3,spur,4.0
3,minuscule,9.0
3,sketchy,7.0
3,salient,7.0
3,wane,4.0
3,resurgence,10.0
3,magnanimity,11.0
3,extol,5.0
3,sway,4.0
3,authentic,9.0
3,relish,6.0
3,undercut,8.0
3,rehash,6.0
3,antithesis,10.0
3,lethargic,9.0
3,eclipse,7.0
3,genuine,7.0
3,compliant,9.0
3,fallacious,10.0
3,countenance,11.0
3,covert,6.0
3,zealous,7.0
3,bypass,6.0
3,ubiquity,8.0
3,fastidious,10.0
3,recapitulate,12.0
3,cosmopolitan,12.0
3,inimical,8.0
3,convoluted,10.0
3,germane,7.0
3,affable,7.0
3,discredit,9.0
3,precedent,9.0
3,overshadow,10.0
3,heterogeneity,13.0
3,deference,9.0
3,loquacious,10.0
3,exhilarating,12.0
3,manifest,8.0
3,banal,5.0
3,alleviate,9.0
3,speculative,11.0
3,counterpart,11.0
3,consolidate,11.0
3,erratic,7.0
3,disparage,9.0
3,requisite,9.0
3,frown,5.0
3,transcend,9.0
3,magnitude,9.0
3,anonymous,9.0
3,adjunct,7.0
3,embrace,7.0
3,inversion,9.0
3,paralyze,8.0
3,assert,6.0
3,vilify,6.0
3,eschew,6.0
3,adverse,7.0
3,spurious,8.0
3,spontaneity,11.0
3,uncanny,7.0
3,iconoclastic,12.0
3,transient,9.0
3,antagonistic,12.0
3,partisanship,12.0
3,solitude,8.0
3,impartial,9.0
3,fabricate,9.0
3,temper,6.0
3,mollify,7.0
3,transience,10.0
3,divorce,7.0
3,complacent,10.0
3,expedite,8.0
3,abhorrent,9.0
3,temperate,9.0
3,enigma,6.0
3,allure,6.0
3,thwart,6.0
3,primitive,9.0
3,corroborate,11.0
3,improvise,9.0
3,gloomy,6.0
3,spontaneous,11.0
3,utilitarian,11.0
3,timidity,8.0
3,radical,7.0
3,stoicism,8.0
3,methodical,10.0
3,abstruse,8.0
3,autonomous,10.0
3,indolent,8.0
3,mar,3.0
3,variance,8.0
3,metaphor,8.0
3,aversion,8.0
3,vitiate,7.0
3,irascibility,12.0
3,lament,6.0
3,excoriate,9.0
3,impugn,6.0
3,upheaval,8.0
3,hierarchical,12.0
3,perplexing,10.0
3,ingenious,9.0
3,impediment,10.0
3,assuage,7.0
3,paltry,6.0
3,foster,6.0
3,veneration,10.0
3,sycophantic,11.0
3,disdain,7.0
3,cursory,7.0
3,de-emphasize,12.0
3,feckless,8.0
3,indolence,9.0
3,sluggish,8.0
3,dilatory,8.0
3,hubris,6.0
3,nullify,7.0
3,turbulent,9.0
3,malady,6.0
2,malfeasance,11.0
2,rigorous,8.0
2,ballyhoo,8.0
2,avaricious,10.0
2,inclusive,9.0
2,explicable,10.0
2,reinforce,9.0
2,mercurial,9.0
2,approbation,11.0
2,fickle,6.0
2,impassioned,11.0
2,connoisseur,11.0
2,unwavering,10.0
2,sincerity,9.0
2,prominence,10.0
2,enamored,8.0
2,stymie,6.0
2,somnolent,9.0
2,encyclopedic,12.0
2,veil,4.0
2,ephemerality,12.0
2,scrupulous,10.0
2,prudent,7.0
2,chronological,13.0
2,articulate,10.0
2,motley,6.0
2,regal,5.0
2,alienation,10.0
2,engender,8.0
2,orthodox,8.0
2,surreptitious,13.0
2,anthropogenic,13.0
2,incursion,9.0
2,bootless,8.0
2,felicitous,10.0
2,remunerative,12.0
2,estrangement,12.0
2,munificent,10.0
2,accretion,9.0
2,tepid,5.0
2,circumscribe,12.0
2,ingenuousness,13.0
2,ambivalence,11.0
2,exuberant,9.0
2,nostalgia,9.0
2,exasperate,10.0
2,indictment,10.0
2,eminence,8.0
2,tenacious,9.0
2,synthesis,9.0
2,provenance,10.0
2,restive,7.0
2,serendipity,11.0
2,credulous,9.0
2,pugnacity,9.0
2,yield,5.0
2,furtive,7.0
2,volatile,8.0
2,hamstring,9.0
2,repetitious,11.0
2,whim,4.0
2,spurn,5.0
2,blithe,6.0
2,pertain,7.0
2,overwrought,11.0
2,audacious,9.0
2,torpor,6.0
2,verisimilitude,14.0
2,quell,5.0
2,prolific,8.0
2,apprehension,12.0
2,deceptive,9.0
2,euphemism,9.0
2,hypocritic,10.0
2,reminiscent,11.0
2,lugubrious,10.0
2,melancholy,10.0
2,transparency,12.0
2,eccentricity,12.0
2,respite,7.0
2,acquiescence(to),16.0
2,offset,6.0
2,veracity,8.0
2,resonate,8.0
2,obtrusive,9.0
2,underrate,9.0
2,rapacious,9.0
2,lionize,7.0
2,nothing if not,14.0
2,extirpate,9.0
2,loath,5.0
2,abound,6.0
2,disingenuous,12.0
2,litigation,10.0
2,facile,6.0
2,culpability,11.0
2,strenuous,9.0
2,supplement,10.0
2,slacken,7.0
2,patronize,9.0
2,ebb,3.0
2,overt,5.0
2,exclusive,9.0
2,pecuniary,9.0
2,deflate,7.0
2,prestigious,11.0
2,plastic,7.0
2,arduous,7.0
2,exactitude,10.0
2,champion,8.0
2,consistent,10.0
2,harrowing,9.0
2,buttress,8.0
2,premeditate,11.0
2,eloquence,9.0
2,deliberate,10.0
2,envisage,8.0
2,lull,4.0
2,raging,6.0
2,vulnerable,10.0
2,accountability,14.0
2,extroverted,11.0
2,profusion,9.0
2,novelty,7.0
2,promulgate,10.0
2,foretell,8.0
2,cynicism,8.0
2,cronyism,8.0
2,succinct,8.0
2,indulgence,10.0
2,languish,8.0
2,trigger,7.0
2,befuddled,9.0
2,apocryphal,10.0
2,pretense,8.0
2,premise,7.0
2,cowardice,9.0
2,ascetic,7.0
2,intercept,9.0
2,sordid,6.0
2,negate,6.0
2,contentious,11.0
2,vague,5.0
2,stupefaction,12.0
2,myriad,6.0
2,comity,6.0
2,solemn,6.0
2,mimic,5.0
2,opulence,8.0
2,dispel,6.0
2,evade,5.0
2,genteel,7.0
2,supercilious,12.0
2,shriek,6.0
2,stimulant,9.0
2,astute,6.0
2,intriguing,10.0
2,venerate,8.0
2,endemic,7.0
2,divulge,7.0
2,tout,4.0
2,warble,6.0
2,proficient,10.0
2,self-perpetuating,17.0
2,sabotage,8.0
2,trenchant,9.0
2,unwieldy,8.0
2,petty,5.0
2,condemn,7.0
2,simultaneous,12.0
2,self-aggrandizing,17.0
2,indiscriminate,14.0
2,prosaic,7.0
2,impair,6.0
2,deprecate,9.0
2,zealot,6.0
2,capriciousness,14.0
2,commendation,12.0
2,pristine,8.0
2,abstemious,10.0
2,manageable,10.0
2,conscientious,13.0
2,reserved,8.0
2,mawkish,7.0
2,heartfelt,9.0
2,compunction,11.0
2,languishing,11.0
2,overwhelming,12.0
2,incredible,10.0
2,stubborn,8.0
2,paradigmatic,12.0
2,introspective,13.0
2,innate,6.0
2,evenhanded,10.0
2,revile,6.0
2,aggrieve,8.0
2,warrant,7.0
2,insouciance,11.0
2,sober,5.0
2,auspicious,10.0
2,spartan,7.0
2,burlesque,9.0
2,ancillary,9.0
2,interminable,12.0
2,fractious,9.0
2,dilemma,7.0
2,beneficence,11.0
2,diametrically,13.0
2,paragon,7.0
2,baroque,7.0
2,lambast,7.0
2,grandiosity,11.0
2,plague,6.0
2,analogous,9.0
2,defy,4.0
2,replete,7.0
2,appraise,8.0
2,impetuous,9.0
2,invigorate,10.0
2,stagnation,10.0
2,feign,5.0
2,ascribe,7.0
2,flamboyant,10.0
2,escalate,8.0
2,encomium,8.0
2,evasive,7.0
2,gigantic,8.0
2,truculent,9.0
2,flighty,7.0
2,inertial,8.0
2,acrimony,8.0
2,hidebound,9.0
2,partisan,8.0
2,delusive,8.0
2,ponder,6.0
2,lucidity,8.0
2,obscurity,9.0
2,reiterate,9.0
2,punctilious,11.0
2,condescending,13.0
2,unorthodox,10.0
2,exasperation,12.0
2,relinquish,10.0
2,proprietary,11.0
2,controversial,13.0
2,quip,4.0
2,confound,8.0
2,acumen,6.0
2,candid,6.0
2,instantaneous,13.0
2,antiquated,10.0
2,disguise,8.0
2,demise,6.0
2,adversarial,11.0
2,linger,6.0
2,consequential,13.0
2,chimerical,10.0
2,prevalent,9.0
2,trope,5.0
2,palpable,8.0
2,antediluvian,12.0
2,contagious,10.0
2,monolithic,10.0
2,exhilarate,10.0
2,ironic,6.0
2,glut,4.0
2,elicit,6.0
2,resilience,10.0
2,blemish,7.0
2,acquiesce,9.0
2,intrinsic,9.0
2,cordiality,10.0
2,render,6.0
2,caterwaul,9.0
2,rationale,9.0
2,sporadic,8.0
2,inexplicable,12.0
2,harbinger,9.0
2,fanatical,9.0
2,malign,6.0
2,emblematic,10.0
2,redundancy,10.0
2,reticence,9.0
2,impenetrable,12.0
2,valid,5.0
2,devious,7.0
2,haphazard,9.0
2,waver,5.0
2,eternal,7.0
2,jarring,7.0
2,edifying,8.0
2,paradigm,8.0
2,cordial,7.0
2,oblivious,9.0
2,singular,8.0
2,exiguous,8.0
2,hindsight,9.0
2,slippery,8.0
2,monarchy,8.0
2,perilous,8.0
2,valediction,11.0
2,puncture,8.0
2,versatile,9.0
2,ingenuous,9.0
2,sectarian,9.0
2,incontrovertible,16.0
2,captivate,9.0
2,congeniality,12.0
2,drollness,9.0
2,enterprising,12.0
2,plasticity,10.0
2,conundrum,9.0
2,precursor,9.0
2,certitude,9.0
2,rally,5.0
2,subvert,7.0
2,concomitant,11.0
2,pragmatism,10.0
2,adulation,9.0
2,virtuosity,10.0
2,implacable,10.0
2,modest,6.0
2,equivocal,9.0
2,worldly,7.0
2,fastidiousness,14.0
2,illusory,8.0
2,glean,5.0
2,parallel,8.0
2,futile,6.0
2,momentary,9.0
2,seditious,9.0
2,altruism,8.0
2,histrionic,10.0
2,reprehend,9.0
2,negligible,10.0
2,ethos,5.0
2,triviality,10.0
2,inert,5.0
2,mirthful,8.0
2,dismiss,7.0
2,jovial,6.0
2,ogre,4.0
2,pervasive,9.0
2,competing,9.0
2,protract,8.0
2,conviviality,12.0
2,unassuming,10.0
2,quiescence,10.0
2,outlandish,10.0
2,prophetic,9.0
2,fungible,8.0
2,subversion,10.0
2,discretionary,13.0
2,routine,7.0
2,amorphous,9.0
2,idle,4.0
2,pertinent,9.0
2,didacticism,11.0
2,chauvinistic,12.0
2,collegiality,12.0
2,illustrious,11.0
2,unbound,7.0
2,croon,5.0
2,punctiliousness,15.0
2,egregious,9.0
2,solitary,8.0
2,erudition,9.0
2,pugnacious,10.0
2,scrutinize,10.0
2,vanish,6.0
2,tonic,5.0
2,molder,6.0
2,suffocate,9.0
2,cliquish,8.0
2,insightful,10.0
2,vacuous,7.0
2,emergent,8.0
2,exculpatory,11.0
2,pensiveness,11.0
2,outstrip,8.0
2,whimsical,9.0
2,doom,4.0
2,coalesce,8.0
2,revitalize,10.0
2,effusiveness,12.0
2,cunning,7.0
2,banality,8.0
2,cynical,7.0
2,compassionate,13.0
2,exemplar,8.0
2,mendacity,9.0
2,mockery,7.0
2,cede,4.0
2,complacency,11.0
2,tangible,8.0
2,unbridled,9.0
2,sanction,8.0
2,repudiation,11.0
2,homogeneity,11.0
2,polemical,9.0
2,portend,7.0
2,overblown,9.0
2,slight,6.0
2,marginal,8.0
2,self-serving,12.0
2,averse,6.0
2,humility,8.0
2,turbulence,10.0
2,controvert,10.0
2,demoralize,10.0
2,visible,7.0
2,concession,10.0
2,tribute,7.0
2,unruliness,10.0
2,impede,6.0
2,exalt,5.0
2,anachronism,11.0
2,juvenile,8.0
2,protean,7.0
2,renowned,8.0
2,expedient,9.0
2,disarray,8.0
2,resentment,10.0
2,dour,4.0
2,forge,5.0
2,subversiveness,14.0
2,pledge,6.0
2,immaterial,10.0
2,obfuscate,9.0
2,dwindle,7.0
2,reclusive,9.0
2,proximity,9.0
2,copious,7.0
2,promising,9.0
2,naïveté,7.0
2,anonymity,9.0
2,obduracy,8.0
2,anomaly,7.0
2,hodgepodge,10.0
2,monitor,7.0
2,incredulity,11.0
2,concede,7.0
2,circuitous,10.0
2,deify,5.0
2,compliance,10.0
2,nettlesome,10.0
2,expeditious,11.0
2,trepidation,11.0
2,illuminate,10.0
2,codify,6.0
2,laud,4.0
2,substitute,10.0
2,benevolent,10.0
2,disseminate,11.0
2,nondescript,11.0
2,overwhelm,9.0
2,opprobrium,10.0
2,braggart,8.0
2,haphazardly,11.0
2,outmoded,8.0
1,generic,7.0
1,integrity,9.0
1,prodigious,10.0
1,mutually,8.0
1,approbatory,11.0
1,quintessential,14.0
1,legitimate,10.0
1,superintendent,14.0
1,grandstanding,13.0
1,discursion,10.0
1,fluster,7.0
1,disgorge,8.0
1,confessional,12.0
1,sustain,7.0
1,assertiveness,13.0
1,impregnable,11.0
1,alacrity,8.0
1,misfeasance,11.0
1,empiricism,10.0
1,worship,7.0
1,derive,6.0
1,assiduous,9.0
1,mien,4.0
1,upshot,6.0
1,crushing,8.0
1,quibbler,8.0
1,efficacious,11.0
1,sham,4.0
1,sporadically,12.0
1,counterfeit,11.0
1,override,8.0
1,prescience,10.0
1,extensive,9.0
1,majestic,8.0
1,adroit,6.0
1,substantiation,14.0
1,impress,7.0
1,endow,5.0
1,idiosyncratic,13.0
1,bargain,7.0
1,hyperbolic,10.0
1,emotive,7.0
1,ethereal,8.0
1,improbable,10.0
1,baneful,7.0
1,extravagant,11.0
1,boon,4.0
1,brushstroke,11.0
1,verify,6.0
1,exigent,7.0
1,glitz,5.0
1,frivolous,9.0
1,objective,9.0
1,seminal,7.0
1,portent,7.0
1,irascible,9.0
1,attribute,9.0
1,plagiarism,10.0
1,intensification,15.0
1,sage,4.0
1,chivalrous,10.0
1,memento,7.0
1,prescriptive,12.0
1,grand,5.0
1,invidious,9.0
1,emulsify,8.0
1,decline,7.0
1,assiduousness,13.0
1,controversy,11.0
1,inspire,7.0
1,off-putting,11.0
1,repertoire,10.0
1,mutability,10.0
1,empower,7.0
1,demarcation,11.0
1,clarity,7.0
1,superiority,11.0
1,futility,8.0
1,sanctimonious,13.0
1,rehabilitate,12.0
1,manic,5.0
1,ramshackle,10.0
1,deject,6.0
1,calculated,10.0
1,transitory,10.0
1,strip away,10.0
1,amend,5.0
1,squander,8.0
1,supremacy,9.0
1,exotic,6.0
1,obstinate,9.0
1,affluence,9.0
1,seclusion,9.0
1,magisterial,11.0
1,choleric,8.0
1,gourmet,7.0
1,bountiful,9.0
1,fervor,6.0
1,lapse,5.0
1,august,6.0
1,panoply,7.0
1,recondite,9.0
1,ambiguity,9.0
1,mediate,7.0
1,devastate,9.0
1,sidestep,8.0
1,sterling,8.0
1,resourcefulness,15.0
1,shrink from,11.0
1,routinely,9.0
1,abash,5.0
1,coordinate,10.0
1,nugatory,8.0
1,accede,6.0
1,implication,11.0
1,grip,4.0
1,diverting,9.0
1,impotent,8.0
1,deterioration,13.0
1,honorific,9.0
1,preside,7.0
1,ring true,9.0
1,patchwork,9.0
1,exculpate,9.0
1,synonymous,10.0
1,unimpeded,9.0
1,attune,6.0
1,consensus,9.0
1,genealogy,9.0
1,betray,6.0
1,uniform,7.0
1,acquaintance,12.0
1,obeisance,9.0
1,ramification,12.0
1,deluge,6.0
1,profess,7.0
1,dictum,6.0
1,jeremiad,8.0
1,naturalism,10.0
1,parody,6.0
1,stratified,10.0
1,doctrinaire,11.0
1,prodigy,7.0
1,arousal,7.0
1,dissemble,9.0
1,tentative,9.0
1,mandate,7.0
1,congruent,9.0
1,exigency,8.0
1,contemptuous,12.0
1,reproach,8.0
1,disperse,8.0
1,sonorous,8.0
1,stale,5.0
1,intermediary,12.0
1,cumbersome,10.0
1,cantankerous,12.0
1,enlighten,9.0
1,chronology,10.0
1,pseudoscience,13.0
1,importunate,11.0
1,denounce,8.0
1,parsimonious,12.0
1,porous,6.0
1,sensationalism,14.0
1,pompous,7.0
1,quirky,6.0
1,equanimity,10.0
1,perfidious,10.0
1,boast,5.0
1,metamorphose,12.0
1,anecdotal,9.0
1,enervate,8.0
1,unerring,8.0
1,meretricious,12.0
1,unflappability,14.0
1,hypocrisy,9.0
1,slumber,7.0
1,inverse,7.0
1,superficially,13.0
1,winnow,6.0
1,curtail,7.0
1,legitimize,10.0
1,epic,4.0
1,spew,4.0
1,scarce,6.0
1,anarchistic,11.0
1,dubious,7.0
1,intoxicated,11.0
1,embellish,9.0
1,homogeneous,11.0
1,barring,7.0
1,defer (to),10.0
1,maverick,8.0
1,ebullient,9.0
1,awry,4.0
1,impalpable,10.0
1,reciprocity,11.0
1,admonish,8.0
1,marked,6.0
1,esteem,6.0
1,disciplined,11.0
1,hitch,5.0
1,hybrid,6.0
1,renounce,8.0
1,dichotomous,11.0
1,stagnant,8.0
1,punctuate,9.0
1,comportment,11.0
1,normalcy,8.0
1,melancholic,11.0
1,captivating,11.0
1,impulsiveness,13.0
1,rabid,5.0
1,decouple,8.0
1,quizzical,9.0
1,beatify,7.0
1,revision,8.0
1,selfless,8.0
1,bewilder,8.0
1,supplementary,13.0
1,imprudence,10.0
1,arduousness,11.0
1,atypical,8.0
1,urbane,6.0
1,feat,4.0
1,acute,5.0
1,counter,7.0
1,unique,6.0
1,oversell,8.0
1,manipulate,10.0
1,encounter,9.0
1,from scratch,12.0
1,gregarious,10.0
1,stalwart,8.0
1,inherent,8.0
1,pack,4.0
1,endorsement,11.0
1,repugnant,9.0
1,mediocrity,10.0
1,pastiche,8.0
1,panegyric,9.0
1,tart,4.0
1,fraudulence,11.0
1,gravitate(to/towards,20.0
1,expel,5.0
1,deferential,11.0
1,putative,8.0
1,wholesale,9.0
1,indignant,9.0
1,aspersion,9.0
1,wearisome,9.0
1,chic,4.0
1,benevolence,11.0
1,contrivance,11.0
1,modulate,8.0
1,elate,5.0
1,vindicate,9.0
1,check,5.0
1,truncate,8.0
1,foment,6.0
1,sagaciousness,13.0
1,ad hoc,6.0
1,quotidian,9.0
1,itinerant,9.0
1,fallibility,11.0
1,dignified,9.0
1,leniency,8.0
1,equitable,9.0
1,minimal,7.0
1,clamorous,9.0
1,canonical,9.0
1,synapse,7.0
1,diffuse,7.0
1,perennial,9.0
1,groundless,10.0
1,unflinching,11.0
1,delegate,8.0
1,pessimism,9.0
1,discern,7.0
1,notoriety,9.0
1,furtively,9.0
1,fusty,5.0
1,stipulate,9.0
1,luminary,8.0
1,eccentric,9.0
1,fraud,5.0
1,anew,4.0
1,intransigence,13.0
1,evocatively,11.0
1,formulaic,9.0
1,elude,5.0
1,buoyancy,8.0
1,inclusiveness,13.0
1,flabbergasted,13.0
1,effluvia,8.0
1,gild,4.0
1,demarcate,9.0
1,affinity,8.0
1,stalemate,9.0
1,sycophancy,10.0
1,incivility,10.0
1,inexorable,10.0
1,exonerate,9.0
1,opprobrious,11.0
1,undiscriminating,16.0
1,parity,6.0
1,dutiable,8.0
1,hackneyed,9.0
1,quackery,8.0
1,bromidic,8.0
1,founder,7.0
1,rule out,8.0
1,viable,6.0
1,countermand,11.0
1,adduce,6.0
1,persistent,10.0
1,hierarchy,9.0
1,inevitable,10.0
1,riddle,6.0
1,forbear,7.0
1,detrimental,11.0
1,sophistication,14.0
1,uniformly,9.0
1,aghast,6.0
1,prognosis,9.0
1,caricature,10.0
1,suspense,8.0
1,detection,9.0
1,disheartening,13.0
1,trenchancy,10.0
1,fake,4.0
1,stratification,14.0
1,corollary,9.0
1,coincidental,12.0
1,duplicity,9.0
1,tranquil,8.0
1,avert,5.0
1,isolation,9.0
1,perish,6.0
1,skirt,5.0
1,acclaim,7.0
1,allusion,8.0
1,senescence,10.0
1,loathe,6.0
1,outdo,5.0
1,vista,5.0
1,insidious,9.0
1,poignant,8.0
1,beguile,7.0
1,static,6.0
1,magnify,7.0
1,dispense,8.0
1,civic,5.0
1,better,6.0
1,refute,6.0
1,adherence,9.0
1,badger,6.0
1,immutability,12.0
1,undue,5.0
1,synthesize,10.0
1,hobble,6.0
1,demonization,12.0
1,tenure,6.0
1,predate,7.0
1,aberration,10.0
1,halfhearted,11.0
1,blithely,8.0
1,plaintive,9.0
1,a priori,8.0
1,adversity,9.0
1,brook,5.0
1,furnish,7.0
1,coddle,6.0
1,inopportune,11.0
1,amalgam,7.0
1,pragmatist,10.0
1,vantage,7.0
1,sparse,6.0
1,deaden,6.0
1,vendor,6.0
1,veto,4.0
1,desertion,9.0
1,mediocre,8.0
1,foreordain,10.0
1,frank,5.0
1,intoxication,12.0
1,garb,4.0
1,condone,7.0
1,motivation,10.0
1,upsurge,7.0
1,eminent,7.0
1,insalubrious,12.0
1,diatribe,8.0
1,vituperation,12.0
1,eradicate,9.0
1,conclusive,10.0
1,compact,7.0
1,domestic,8.0
1,phlegmatic,10.0
1,victorious,10.0
1,merge,5.0
1,narcissistic,12.0
1,obsequious,10.0
1,incredulous,11.0
1,abeyant,7.0
1,debilitate,10.0
1,bourgeois,9.0
1,swift,5.0
1,monstrous,9.0
1,charismatic,11.0
1,coherent,8.0
1,utility,7.0
1,emulation,9.0
1,lucidity.,9.0
1,tenured,7.0
1,incongruous,11.0
1,suppress,8.0
1,justification,13.0
1,counterbalance,14.0
1,embryonic,9.0
1,raillery,8.0
1,exhilaration,12.0
1,extrapolate,11.0
1,plentitude,10.0
1,recede,6.0
1,delineate,9.0
1,imperturbable,13.0
1,obligatory,10.0
1,triumph,7.0
1,imperturbability,16.0
1,vociferous,10.0
1,moralistic,10.0
1,bemoan,6.0
1,repudiate,9.0
1,hone,4.0
1,discretion,10.0
1,exaggeration,12.0
1,venal,5.0
1,turbid,6.0
1,synergy,7.0
1,ebullience,10.0
1,strident,8.0
1,milieu,6.0
1,adulate,7.0
1,peccadillo,10.0
1,artful,6.0
1,oscillate (between),19.0
1,obloquy,7.0
1,divergent,9.0
1,bombast,7.0
1,gossamer,8.0
1,brute,5.0
1,restless,8.0
1,subservient,11.0
1,sovereignty,11.0
1,realism,7.0
1,visionary,9.0
1,surrender,9.0
1,placatory,9.0
1,engaging,8.0
1,aesthetics,10.0
1,stingy,6.0
1,execrate,8.0
1,infringement,12.0
1,zenith,6.0
1,catalyst,8.0
1,offish,6.0
1,degenerate,10.0
1,heedlessly,10.0
1,meddle,6.0
1,flagrant,8.0
1,agglomerate,11.0
1,propitious,10.0
1,burdensome,10.0
1,skullduggery,12.0
1,discredited,11.0
1,recession,9.0
1,concision,9.0
1,refractory,10.0
1,accent,6.0
1,isolate,7.0
1,heretofore,10.0
1,proclaim,8.0
1,chronicle,9.0
1,calumny,7.0
1,officious,9.0
1,impulse,7.0
1,civility,8.0
1,bleak,5.0
1,provincialism,13.0
1,untrammelled,12.0
1,gaffe,5.0
1,degenerative,12.0
1,sanguinity,10.0
1,speculation,11.0
1,embargo,7.0
1,tempting,8.0
1,manuscript,10.0
1,fulmination,11.0
1,tendentious,11.0
1,excavate,8.0
1,deception,9.0
1,overstatement,13.0
1,prioritize,10.0
1,solemnity,9.0
1,stun,4.0
1,tempestuous,11.0
1,optimize,8.0
1,encumber,8.0
1,moderate,8.0
1,intent,6.0
1,jubilation,10.0
1,orderly,7.0
1,flippant,8.0
1,autocratic,10.0
1,vexation,8.0
1,tactful,7.0
1,intractable,11.0
1,revel,5.0
1,boisterous,10.0
1,instigate,9.0
1,balk,4.0
1,random,6.0
1,manage,6.0
1,hysteria,8.0
1,distinctive,11.0
1,anodyne,7.0
1,legacy,6.0
1,worrisome,9.0
1,ploy,4.0
1,idiosyncrasy,12.0
1,impute,6.0
1,initially,9.0
1,camouflage,10.0
1,abstract from,13.0
1,stave off,9.0
1,balanced,8.0
1,entanglement,12.0
1,inertia,7.0
1,worsen,6.0
1,predicament,11.0
1,omniscient,10.0
1,affirmative,11.0
1,ostensibly,10.0
1,commiserate,11.0
1,resuscitate,11.0
1,callow,6.0
1,obsequiousness,14.0
1,distressing,11.0
1,devolve,7.0
1,retroactive,11.0
1,impeccable,10.0
1,draconian,9.0
1,forerunner,10.0
1,groan,5.0
1,ante,4.0
1,randomly,8.0
1,quiescent,9.0
1,conformity,10.0
1,tinker,6.0
1,enduring,8.0
1,bear out,8.0
1,kinfolk,7.0
1,sensible,8.0
1,surmount,8.0
1,impertinent,11.0
1,maze,4.0
1,clumsy,6.0
1,divination,10.0
1,propriety,9.0
1,polish,6.0
1,get one's own way,17.0
1,overbearing,11.0
1,neophyte,8.0
1,not least,9.0
1,polarize,8.0
1,obliterate,10.0
1,rebuff,6.0
1,beguiling,9.0
1,culprit,7.0
1,indiscretion,12.0
1,condign,7.0
1,malefactor,10.0
1,incompatible,12.0
1,liken,5.0
1,cavalier,8.0
1,shortcut,8.0
1,courteous,9.0
1,maudlin,7.0
1,hedge,5.0
1,inflammatory,12.0
1,lucid,5.0
1,gratitude,9.0
1,indubitable,11.0
1,delude,6.0
1,discard,7.0
1,preliminary,11.0
1,evident,7.0
1,functional,10.0
1,chimera,7.0
1,sleazy,6.0
1,pedagogical,11.0
1,substantiate,12.0
1,tyro,4.0
1,resign,6.0
1,entreat,7.0
1,belabor,7.0
1,transcendent,12.0
1,verdict,7.0
1,unsentimental,13.0
1,pejorative,10.0
1,reconcile,9.0
1,contemplation,13.0
1,invective,9.0
1,insipid,7.0
1,mock,4.0
1,incompetence,12.0
1,insatiable,10.0
1,vehement,8.0
1,vivacity,8.0
1,bemuse,6.0
1,ostentatious,12.0
1,arrest,6.0
1,amenable,8.0
1,finicky,7.0
1,meticulousness,14.0
1,muddle,6.0
1,insulate,8.0
1,nuance,6.0
1,obtuseness,10.0
1,laudable,8.0
1,uphold,6.0
1,entice,6.0
1,rejuvenation,12.0
1,xenophobic,10.0
1,univocal,8.0
1,decadent,8.0
1,seethe,6.0
1,perceptible,11.0
1,polymathic,10.0
1,emancipate,10.0
1,irenic,6.0
1,comprehend,10.0
1,extrapolation,13.0
1,grumble,7.0
1,multifaceted,12.0
1,detestation,11.0
1,madcap,6.0
1,irresolution,12.0
1,debut,5.0
1,deteriorate,11.0
1,rectitude,9.0
1,explicitness,12.0
1,zealotry,8.0
1,denunciation,12.0
1,convivial,9.0
1,mordancy,8.0
1,immerse,7.0
1,limpid,6.0
1,captious,8.0
1,usage,5.0
1,gullible,8.0
1,substitution,12.0
1,astringent,10.0
1,pellucid,8.0
1,surplus,7.0
1,exemplary,9.0
1,grandiose,9.0
1,compartmentalize,16.0
1,metaphorical,12.0
1,acquired,8.0
1,roil,4.0
1,anathema,8.0
1,impermanence,12.0
1,aggrandize,10.0
1,gargantuan,10.0
1,authoritarianism,16.0
1,privation,9.0
1,incinerator,11.0
1,hectic,6.0
1,pedant,6.0
1,backwater,9.0
1,recoil from,11.0
1,artless,7.0
1,sloth,5.0
1,ridicule,8.0
1,inadequacy,10.0
1,espouse,7.0
1,consternation,13.0
1,bludgeon,8.0
1,spark,5.0
1,animus,6.0
1,sentiment,9.0
1,valorize,8.0
1,deft,4.0
1,multitudinous,13.0
1,opinionated,11.0
1,laboriously,11.0
1,satire,6.0
1,murky,5.0
1,fissure,7.0
1,exile,5.0
1,coincident,10.0
1,fault,5.0
1,forsake,7.0
1,thorough,8.0
1,ungainly,8.0
1,underscore,10.0
1,parochialism,12.0
1,trustee,7.0
1,cogent,6.0
1,anchor,6.0
1,imprudent,9.0
1,cowardly,8.0
1,on that/this score,18.0
1,credence,8.0
1,upbeat,6.0
1,apprehend,9.0
1,discernment,11.0
1,denigrate,9.0
1,wondrous,8.0
1,kinship,7.0
1,endowment,9.0
1,rant,4.0
1,import,6.0
1,pertinacity,11.0
1,malodorous,10.0
1,fragility,9.0
1,divert,6.0
1,experimental,12.0
1,causality,9.0
1,detachment,10.0
1,propitiate,10.0
1,lurid,5.0
1,proselytizer,12.0
1,fathomless,10.0
1,camaraderie,11.0
1,redolent,8.0
1,imprecision,11.0
1,dissident,9.0
1,transparent,11.0
1,partiality,10.0
1,rebuke,6.0
1,utopia,6.0
1,grimy,5.0
1,cachet,6.0
1,slant,5.0
1,consort,7.0
1,suppleness,10.0
1,design,6.0
1,feasible,8.0
1,recapitulation,14.0
1,belligerence,12.0
1,somber,6.0
1,exiguity,8.0
1,regurgitate,11.0
1,impassive,9.0
1,shun,4.0
1,evanescence,11.0
1,animadversion,13.0
1,rambling,8.0
1,antecedent,10.0
1,indict,6.0
1,unrelenting,11.0
1,nurturant,9.0
1,novice,6.0
1,definitive,10.0
1,damp,4.0
1,censorious,10.0
1,untenable,9.0
1,fall short,10.0
1,glorification,13.0
1,haunted,7.0
1,philistine,10.0
1,disposition,11.0
1,pseudonym,9.0
1,deadpan,7.0
1,prophylactic,12.0
1,eclecticism,11.0
1,turgid,6.0
1,hackneyedness,13.0
1,keep at bay,11.0
1,ponderous,9.0
1,vernacular,10.0
1,outskirt,8.0
1,bombshell,9.0
1,lambaste,8.0
1,straits,7.0
1,sever,5.0
1,conflate,8.0
1,disown,6.0
1,eclectic,8.0
1,valedictory,11.0
1,umbrage,7.0
1,shift,5.0
1,disquisition,12.0
1,abject,6.0
1,avow,4.0
1,trickster,9.0
1,epilogue,8.0
1,slapdash,8.0
1,modicum,7.0
1,discreet,8.0
1,celebrated,10.0
1,crassness,9.0
1,cherished,9.0
1,vengeful,8.0
1,solicitous,10.0
1,neutral,7.0
1,endeavor,8.0
1,humble,6.0
1,deadlock,8.0
1,moribund,8.0
1,wistful,7.0
1,perfidiousness,14.0
1,credible,8.0
1,clogged,7.0
1,permeable,9.0
1,deprecatory,11.0
1,backhanded,10.0
1,canny,5.0
1,infuriate,9.0
1,purview,7.0
1,austere,7.0
1,lucubration,11.0
1,stern,5.0
1,inductive,9.0
1,bumble,6.0
1,conducive,9.0
1,hail,4.0
1,anecdote,8.0
1,salubrious,10.0
1,conjure,7.0
1,unencumbered,12.0
1,salience,8.0
1,jockey,6.0
1,intrepid,8.0
1,metaphoric,10.0
1,violate,7.0
1,conservatism,12.0
1,concoct,7.0
1,superannuation,14.0
1,antiquarian,11.0
1,fade,4.0
1,contravene,10.0
1,solidarity,10.0
1,plod,4.0
1,theatrics,9.0
1,abhor,5.0
1,predecessor,11.0
1,animate,7.0
1,innocent,8.0
1,contradictory,13.0
1,dissemblance,12.0
1,oust,4.0
1,hubristic,9.0
1,bighearted,10.0
1,provocation,11.0
1,insurmountable,14.0
1,injudicious,11.0
1,monotonous,10.0
1,prestige,8.0
1,ministration,12.0
1,tweak,5.0
1,marvel,6.0
1,overhaul,8.0
1,shy away,8.0
1,enormity,8.0
1,stringent,9.0
1,impolitic,9.0
1,enervated,9.0
1,placate,7.0
1,underestimate,13.0
1,castigate,9.0
1,adversary,9.0
1,quandary,8.0
1,diversity,9.0
1,fiery,5.0
1,staunch,7.0
1,rarefied,8.0
1,precociousness,14.0
1,perishable,10.0
1,stridency,9.0
1,demur,5.0
1,garrulity,9.0
1,embody,6.0
1,credibility,11.0
1,preachy,7.0
1,overrate,8.0
1,soothe,6.0
1,glib,4.0
1,abstinence,10.0
1,qualitative,11.0
1,imitate,7.0
1,elitist,7.0
1,petrify,7.0
1,expiation,9.0
1,precipitate,11.0
1,odd,3.0
1,largesse,8.0
1,measured,8.0
1,fanciful,8.0
1,retaliate,9.0
1,unambiguous,11.0
1,fatiguing,9.0
1,incompatibility,15.0
1,acrimonious,11.0
1,kinetic,7.0
1,unassailable,12.0
1,probity,7.0
1,nefariousness,13.0
1,impulsive,9.0
1,chagrin,7.0
1,occlude,7.0
1,fawn,4.0
1,conform,7.0
1,untether,8.0
1,evenhandedness,14.0
1,diminutive,10.0
1,obviates,8.0
1,inception,9.0
1,querulous,9.0
1,exculpation,11.0
1,overture,8.0
1,fatigue,7.0
1,pretext,7.0
1,deviate from,12.0
1,coax,4.0
1,sophist,7.0
1,peregrination,13.0
1,adjudicate,10.0
1,uncompromising,14.0
1,objectionable,13.0
1,accession （to）,14.0
1,affliction,10.0
1,shackle,7.0
1,mitigation,10.0
1,hatred,6.0
1,apocalyptic,11.0
1,bereft (of),11.0
1,estranged,9.0
1,fractiousness,13.0
1,guild,5.0
1,all the more,12.0
1,introspection,13.0
1,exclusively,11.0
1,benighted,9.0
1,feeble,6.0
1,antedate,8.0
1,stance,6.0
1,unremarkable,12.0
1,glamorous,9.0
1,lethargy,8.0
1,diverge,7.0
1,incite,6.0
1,antagonize,10.0
1,undisciplined,13.0
1,membrane,8.0
1,plain,5.0
1,disinclination,14.0
1,opportune,9.0
1,identical,9.0
1,fealty,6.0
1,ponderousness,13.0
1,revisionist,11.0
1,hortatory,9.0
1,drawback,8.0
1,pretension,10.0
1,forbearing,10.0
1,contingent,10.0
1,hyperbole,9.0
1,acquiescent,11.0
1,polymath,8.0
1,halt,4.0
1,abet,4.0
1,promote,7.0
1,clement,7.0
1,facet,5.0
1,flummox,7.0
1,coveted,7.0
1,antithetical,12.0
1,evoke,5.0
1,meander,7.0
1,detritus,8.0
1,heresy,6.0
1,materialism,11.0
1,crisp,5.0
1,decimal,7.0
1,emendation,10.0
1,perspicacity,12.0
1,reign,5.0
1,vacant,6.0
1,megalomania,11.0
1,culmination,11.0
1,discrepancy,11.0
1,calamitous,10.0
1,at a premium,12.0
1,onset,5.0
1,selective,9.0
1,suggest,7.0
1,exclude,7.0
1,vexatious,9.0
1,cinch,5.0
1,exorbitance,11.0
1,absolve,7.0
1,dispassionate,13.0
1,gradient,8.0
1,squelch,7.0
1,dominant,8.0
1,egotistical,11.0
1,abomination,11.0
1,totemic,7.0
1,trifling,8.0
1,venerable,9.0
1,astuteness,10.0
1,divergence,10.0
1,enchanting,10.0
1,layperson,9.0
1,lavish,6.0
1,peripatetic,11.0
1,savior,6.0
1,snub,4.0
1,deter,5.0
1,scrupulous(ness),16.0
1,repository,10.0
1,abate,5.0
1,cavil,5.0
1,prune,5.0
1,mandatory,9.0
1,grouchiness,11.0
1,pessimistic,11.0
1,complimentary,13.0
1,scant,5.0
1,duplicitous,11.0
1,slur,4.0
1,sleek,5.0
1,impertinence,12.0
1,truism,6.0
1,neutralized,11.0
1,square,6.0
1,reminiscence,12.0
1,electorate,10.0
1,unconscious,11.0
1,retract,7.0
1,contingency,11.0
1,stringency,10.0
1,fuel,4.0
1,exhaustion,10.0
1,compromise,10.0
1,tactless,8.0
1,snag,4.0
1,unfeeling,9.0
1,get in the way,14.0
1,vicious,7.0
1,eloquent,8.0
1,transgress,10.0
1,disorienting,12.0
1,wariness,8.0
1,particularize,13.0
1,arrogance,9.0
1,sift from,9.0
1,flummery,8.0
1,baseless,8.0
1,sensuous,8.0
1,churlish,8.0
1,eulogize,8.0
1,virtue,6.0
1,egotist,7.0
1,wrest,5.0
1,ostentatiousness,16.0
1,stigma,6.0
1,supposition,11.0
1,sanity,6.0
1,self-effacing,13.0
1,fleeting,8.0
1,standstill,10.0
1,integrate,9.0
1,churn,5.0
1,multifarious,12.0
1,assault,7.0
1,puerile,7.0
1,scathing,8.0
1,foreground,10.0
1,misinterpretation,17.0
1,nonchalance,11.0
1,awkward,7.0
1,aberrant,8.0
1,slump,5.0
1,exhaustiveness,14.0
1,plunder,7.0
1,fraught,7.0
1,salacious,9.0
1,vulgarity,9.0
1,stimulate,9.0
1,exposition,10.0
1,intelligible,12.0
1,bristle,7.0
1,hostile,7.0
1,naivety,7.0
1,gravity,7.0
1,overarching,11.0
1,predominant,11.0
1,tedium,6.0
1,unflagging,10.0
1,warmhearted,11.0
1,parameter,9.0
1,placid,6.0
1,acquiescence（to）,16.0
1,guilelessness,13.0
1,hasty,5.0
1,gloat,5.0
1,passionate,10.0
1,stand out from the,18.0
1,negotiate,9.0
1,omnivorous,10.0
1,surmise,7.0
1,upend,5.0
1,brackish,8.0
1,insulting,9.0
1,wayward,7.0
1,infelicity,10.0
1,dramatic,8.0
1,trajectory,10.0
1,presumption,11.0
1,corruption,10.0
1,palliative,10.0
1,teem,4.0
1,scaremonger,11.0
1,Indiscriminate,14.0
1,cataclysmic,11.0
1,tantalize,9.0
1,qualify,7.0
1,unsettling,10.0
1,counterintuitive,16.0
1,cajole,6.0
1,omnipresence,12.0
1,aver,4.0
1,snappish,8.0
1,unpretentious,13.0
1,exude,5.0
1,symmetrically,13.0
1,dissension,10.0
1,contemplate,11.0
1,impotency,9.0
1,unkempt,7.0
1,validity,8.0
1,yield to,8.0
1,peculiarity,11.0
1,complicate,10.0
1,presume,7.0
1,omnipresent,11.0
1,proffer,7.0
1,gaiety,6.0
1,improvisation,13.0
1,blatant,7.0
1,triteness,9.0
1,lurk,4.0
1,palliate,8.0
1,readable,8.0
1,shrewd,6.0
1,ripple,6.0
1,fervent,7.0
1,detract,7.0
1,pedantic,8.0
1,unavoidable,11.0
1,imperious,9.0
1,old-timer,9.0
1,hew to,6.0
1,unyielding,10.0
1,proscription,12.0
1,revival,7.0
1,incorporated,12.0
1,smother,7.0
1,venture,7.0
1,prolixity,9.0
1,elephantine,11.0
1,persistence,11.0
1,qualification,13.0
1,stiffen,7.0
1,irk,3.0
1,impasse,7.0
1,laudatory,9.0
1,embolden,8.0
1,bog down,8.0
1,implement,9.0
1,imperative,10.0
1,mysterious,10.0
1,taint,5.0
1,noteworthy,10.0
1,fret,4.0
1,connotation,11.0
1,succumb to,10.0
1,commensurate,12.0
1,remarkable,10.0
1,rebellious,10.0
1,abbreviate,10.0
1,flip,4.0
1,grandeur,8.0
1,recant,6.0
1,labyrinth,9.0
1,boorish,7.0
1,platitudinous,13.0
1,reverence,9.0
1,expenditure,11.0
1,revelation,10.0
1,peer,4.0
1,solace,6.0
1,facetious,9.0
1,chastise,8.0
1,obfuscation,11.0
1,extraction,10.0
1,spiteful,8.0
1,lopsided,8.0
1,incommensurable,15.0
1,irreversible,12.0
1,tortuous,8.0
1,chaos,5.0
1,demanding,9.0
1,rattle,6.0
1,fury,4.0
1,synopsis,8.0
1,heterogeneously,15.0
1,unwarranted,11.0
1,brazen,6.0
1,critique,8.0
1,assuming,8.0
1,spate,5.0
1,flippancy,9.0
1,tease apart,11.0
1,discriminatory,14.0
1,list,4.0
1,buoy,4.0
1,absolute,8.0
1,capitulate,10.0
1,disparateness,13.0
1,disclose,8.0
1,deem,4.0
1,pitfall,7.0
1,testimony,9.0
1,underlying,10.0
1,picky,5.0
1,leach,5.0
1,elemental,9.0
1,bureaucratic,12.0
1,incommensurate,14.0
1,validation,10.0
1,satirize,8.0
1,momentous,9.0
1,peripheral,10.0
1,tedious,7.0
1,peddle,6.0
1,voluminous,10.0
1,acerbic,7.0
1,parochial,9.0
1,revealing,9.0
1,patriotism,10.0
1,bar,3.0
1,apropos,7.0
1,convergent,10.0
1,profligate,10.0
1,cagey,5.0
1,florid,6.0
1,subversive,10.0
1,jubilant,8.0
1,naysayer,8.0
1,panache,7.0
1,avant-garde,11.0
1,paradoxical,11.0
1,make the grade,14.0
1,knotty,6.0
1,irrational,10.0
1,verification,12.0
1,detach,6.0
1,nepotism,8.0
1,preponderance,13.0
1,converge,8.0
1,demeanor,8.0
1,remuneration,12.0
1,accession（to）,13.0
1,disproportionate,16.0
1,austerity,9.0
1,numinous,8.0
1,annihilate,10.0
1,nepotistic,10.0
1,retrenchment,12.0
1,purport,7.0
1,warp,4.0
1,culinary,8.0
1,imminent,8.0
1,marketable,10.0
1,precocity,9.0
1,forswear,8.0
1,stunning,8.0
1,notwithstanding,15.0
1,burgeon,7.0
1,pushover,8.0
1,falsity,7.0
1,pious,5.0
1,obdurate,8.0
1,invalidate,10.0
1,succor,6.0
